{
  "id": "",
  "name": "",
  "font_family": "iconfont",
  "css_prefix_text": "icon-",
  "description": "",
  "glyphs": [
    {
      "icon_id": "398173",
      "name": "音乐",
      "font_class": "yinle",
      "unicode": "e62e",
      "unicode_decimal": 58926
    },
    {
      "icon_id": "444234",
      "name": "专辑，光盘",
      "font_class": "zhuanjiguangpan",
      "unicode": "e64b",
      "unicode_decimal": 58955
    },
    {
      "icon_id": "579286",
      "name": "点赞",
      "font_class": "dianzan",
      "unicode": "e60c",
      "unicode_decimal": 58892
    },
    {
      "icon_id": "851708",
      "name": "回到顶部",
      "font_class": "huidaodingbu",
      "unicode": "e61c",
      "unicode_decimal": 58908
    },
    {
      "icon_id": "868620",
      "name": "icon-分享",
      "font_class": "iconfenxiang",
      "unicode": "e630",
      "unicode_decimal": 58928
    },
    {
      "icon_id": "1186829",
      "name": "二维码",
      "font_class": "erweima",
      "unicode": "e67a",
      "unicode_decimal": 59002
    },
    {
      "icon_id": "1546591",
      "name": "添加",
      "font_class": "tianjia",
      "unicode": "e697",
      "unicode_decimal": 59031
    },
    {
      "icon_id": "4275555",
      "name": "查看MV",
      "font_class": "chakanMV",
      "unicode": "e604",
      "unicode_decimal": 58884
    },
    {
      "icon_id": "5203286",
      "name": "摄像",
      "font_class": "shexiang",
      "unicode": "e631",
      "unicode_decimal": 58929
    },
    {
      "icon_id": "6050159",
      "name": "清单库收藏",
      "font_class": "qingdankushoucang",
      "unicode": "e62c",
      "unicode_decimal": 58924
    },
    {
      "icon_id": "6282770",
      "name": "刷新",
      "font_class": "shuaxin",
      "unicode": "e6b9",
      "unicode_decimal": 59065
    },
    {
      "icon_id": "6501177",
      "name": "个人",
      "font_class": "icon--my",
      "unicode": "e618",
      "unicode_decimal": 58904
    },
    {
      "icon_id": "6536724",
      "name": "信息",
      "font_class": "xinxi",
      "unicode": "e65e",
      "unicode_decimal": 58974
    },
    {
      "icon_id": "7761519",
      "name": "删 除 ",
      "font_class": "shanchu",
      "unicode": "e612",
      "unicode_decimal": 58898
    },
    {
      "icon_id": "8371708",
      "name": "MV",
      "font_class": "MV",
      "unicode": "e62d",
      "unicode_decimal": 58925
    },
    {
      "icon_id": "11405795",
      "name": "听歌",
      "font_class": "icon-test",
      "unicode": "e619",
      "unicode_decimal": 58905
    },
    {
      "icon_id": "12974270",
      "name": "mv",
      "font_class": "mv",
      "unicode": "e60b",
      "unicode_decimal": 58891
    },
    {
      "icon_id": "14055590",
      "name": "下载",
      "font_class": "xiazai",
      "unicode": "e61d",
      "unicode_decimal": 58909
    },
    {
      "icon_id": "14582662",
      "name": "箭头",
      "font_class": "jiantou",
      "unicode": "e609",
      "unicode_decimal": 58889
    },
    {
      "icon_id": "15633941",
      "name": "编辑",
      "font_class": "bianji",
      "unicode": "e629",
      "unicode_decimal": 58921
    },
    {
      "icon_id": "16376873",
      "name": "分类",
      "font_class": "biaoqianA01_fenlei-02",
      "unicode": "ea8b",
      "unicode_decimal": 60043
    },
    {
      "icon_id": "19317150",
      "name": "分享",
      "font_class": "fenxiang1",
      "unicode": "f04a",
      "unicode_decimal": 61514
    },
    {
      "icon_id": "19494224",
      "name": "切换",
      "font_class": "qiehuan",
      "unicode": "e615",
      "unicode_decimal": 58901
    },
    {
      "icon_id": "20592446",
      "name": "刷新",
      "font_class": "shuaxin1",
      "unicode": "e692",
      "unicode_decimal": 59026
    },
    {
      "icon_id": "21196231",
      "name": "播放",
      "font_class": "bofang",
      "unicode": "e668",
      "unicode_decimal": 58984
    },
    {
      "icon_id": "21748409",
      "name": "音乐",
      "font_class": "yinle1",
      "unicode": "e623",
      "unicode_decimal": 58915
    },
    {
      "icon_id": "22127584",
      "name": "hm_video_light",
      "font_class": "hm_video_light",
      "unicode": "e62a",
      "unicode_decimal": 58922
    }
  ]
}
