{
  "id": "",
  "name": "",
  "font_family": "iconfont",
  "css_prefix_text": "icon-",
  "description": "",
  "glyphs": [
    {
      "icon_id": "398173",
      "name": "音乐",
      "font_class": "yinle",
      "unicode": "e62e",
      "unicode_decimal": 58926
    },
    {
      "icon_id": "1186829",
      "name": "二维码",
      "font_class": "erweima",
      "unicode": "e67a",
      "unicode_decimal": 59002
    },
    {
      "icon_id": "1546591",
      "name": "添加",
      "font_class": "tianjia",
      "unicode": "e697",
      "unicode_decimal": 59031
    },
    {
      "icon_id": "4275555",
      "name": "查看MV",
      "font_class": "chakanMV",
      "unicode": "e604",
      "unicode_decimal": 58884
    },
    {
      "icon_id": "6282770",
      "name": "刷新",
      "font_class": "shuaxin",
      "unicode": "e6b9",
      "unicode_decimal": 59065
    },
    {
      "icon_id": "6501177",
      "name": "个人",
      "font_class": "icon--my",
      "unicode": "e618",
      "unicode_decimal": 58904
    },
    {
      "icon_id": "6536724",
      "name": "信息",
      "font_class": "xinxi",
      "unicode": "e65e",
      "unicode_decimal": 58974
    },
    {
      "icon_id": "7761519",
      "name": "删 除 ",
      "font_class": "shanchu",
      "unicode": "e612",
      "unicode_decimal": 58898
    },
    {
      "icon_id": "12974270",
      "name": "mv",
      "font_class": "mv",
      "unicode": "e60b",
      "unicode_decimal": 58891
    },
    {
      "icon_id": "14055590",
      "name": "下载",
      "font_class": "xiazai",
      "unicode": "e61d",
      "unicode_decimal": 58909
    },
    {
      "icon_id": "14582662",
      "name": "箭头",
      "font_class": "jiantou",
      "unicode": "e609",
      "unicode_decimal": 58889
    },
    {
      "icon_id": "15633941",
      "name": "编辑",
      "font_class": "bianji",
      "unicode": "e629",
      "unicode_decimal": 58921
    },
    {
      "icon_id": "16376873",
      "name": "分类",
      "font_class": "biaoqianA01_fenlei-02",
      "unicode": "ea8b",
      "unicode_decimal": 60043
    },
    {
      "icon_id": "19317150",
      "name": "分享",
      "font_class": "fenxiang1",
      "unicode": "f04a",
      "unicode_decimal": 61514
    },
    {
      "icon_id": "19494224",
      "name": "切换",
      "font_class": "qiehuan",
      "unicode": "e615",
      "unicode_decimal": 58901
    },
    {
      "icon_id": "20592446",
      "name": "刷新",
      "font_class": "shuaxin1",
      "unicode": "e692",
      "unicode_decimal": 59026
    },
    {
      "icon_id": "21196231",
      "name": "播放",
      "font_class": "bofang",
      "unicode": "e668",
      "unicode_decimal": 58984
    },
    {
      "icon_id": "22127584",
      "name": "hm_video_light",
      "font_class": "hm_video_light",
      "unicode": "e62a",
      "unicode_decimal": 58922
    }
  ]
}
